{
  "project_info": {
    "project_number": "502048338486",
    "firebase_url": "https://travel-app-b6bab-default-rtdb.firebaseio.com",
    "project_id": "travel-app-b6bab",
    "storage_bucket": "travel-app-b6bab.appspot.com"
  },
  "client": [
    {
      "client_info": {
        "mobilesdk_app_id": "1:502048338486:android:0a768151e9ecb12d725e97",
        "android_client_info": {
          "package_name": "com.example.vagabondapp"
        }
      },
      "oauth_client": [
        {
          "client_id": "502048338486-6kli0j8bv1ulf9c9fb0br01iehbnrjva.apps.googleusercontent.com",
          "client_type": 3
        }
      ],
      "api_key": [
        {
          "current_key": "AIzaSyAEZybd4LXkYR1Iylhxkohb5YODvq0bKqw"
        }
      ],
      "services": {
        "appinvite_service": {
          "other_platform_oauth_client": [
            {
              "client_id": "502048338486-6kli0j8bv1ulf9c9fb0br01iehbnrjva.apps.googleusercontent.com",
              "client_type": 3
            }
          ]
        }
      }
    }
  ],
  "configuration_version": "1"
}