{
  "project_info": {
    "project_number": "339642236551",
    "project_id": "travelapp-b8da2",
    "storage_bucket": "travelapp-b8da2.appspot.com"
  },
  "client": [
    {
      "client_info": {
        "mobilesdk_app_id": "1:339642236551:android:fbff6e92c45d32a6d30222",
        "android_client_info": {
          "package_name": "com.example.travelapp"
        }
      },
      "oauth_client": [
        {
          "client_id": "339642236551-mgh7s9fek14hna6o80cs28hmlghdlnft.apps.googleusercontent.com",
          "client_type": 3
        }
      ],
      "api_key": [
        {
          "current_key": "AIzaSyDxuow56lr5KTQkdONCXIwJzrOUUNq_zOg"
        }
      ],
      "services": {
        "appinvite_service": {
          "other_platform_oauth_client": [
            {
              "client_id": "339642236551-mgh7s9fek14hna6o80cs28hmlghdlnft.apps.googleusercontent.com",
              "client_type": 3
            }
          ]
        }
      }
    }
  ],
  "configuration_version": "1"
}